category,Total_Revenue,Lost_Revenue,Champion_Revenue,Customers,Lost_Customers,Lost_Revenue_%,Lost_Customers_%,Risk
agro_industria_e_comercio,237461.22,91818.38,28607.24,181,14.0,0.38666684185316663,0.07734806629834254,Low
alimentos,92857.34,7927.1,8684.56,445,28.0,0.08536858798669013,0.06292134831460675,Low
alimentos_bebidas,54579.46,8292.66,7899.5,225,35.0,0.15193737717449018,0.15555555555555556,Low
artes,61985.86,5898.0,2620.66,202,10.0,0.09515073276389163,0.04950495049504951,Low
artes_e_artesanato,4652.34,146.14,1552.28,21,1.0,0.03141214958494005,0.047619047619047616,Low
artigos_de_festas,11932.62,717.56,2450.0,39,2.0,0.060134320878398866,0.05128205128205128,Low
artigos_de_natal,37989.54,3531.24,590.94,128,15.0,0.09295295494496643,0.1171875,Low
audio,120649.24,17000.18,20380.34,349,64.0,0.14090581921610115,0.1833810888252149,Low
automotivo,1704588.66,261317.54,213193.94,3852,472.0,0.1533024043466299,0.122533748701973,Low
bebes,1079691.32,149852.16,158520.44,2858,438.0,0.13879166871509163,0.15325402379286215,Low
bebidas,142859.3,2291.74,73806.98,292,13.0,0.016041937766739723,0.04452054794520548,Low
beleza_saude,3314746.24,427617.04,508831.9,8677,1133.0,0.12900445736684807,0.13057508355422381,Low
brinquedos,1238075.38,264777.86,128217.98,3844,846.0,0.21386247095875535,0.22008324661810613,Medium
cama_mesa_banho,3425107.34,502147.52,475049.54,9145,1475.0,0.14660781988806226,0.16129032258064516,Low
casa_conforto,168658.12,36058.82,14982.9,396,91.0,0.21379830392986712,0.2297979797979798,Medium
casa_conforto_2,3421.08,1388.4,0.0,23,6.0,0.4058367533059736,0.2608695652173913,Medium
casa_construcao,273290.58,34165.74,47765.58,489,36.0,0.12501616411366975,0.0736196319018405,Low
cds_dvds_musicais,2398.86,381.98,0.0,12,3.0,0.15923396946883103,0.25,Medium
cine_foto,19060.64,885.56,5818.72,65,3.0,0.04646013984839963,0.046153846153846156,Low
climatizacao,182341.32,28559.72,14745.78,251,43.0,0.15662780109302707,0.17131474103585656,Low
consoles_games,390960.76,81661.02,48668.52,1058,232.0,0.2088726756107186,0.21928166351606806,Medium
construcao_ferramentas_construcao,482951.26,21396.74,126957.38,744,39.0,0.044304139510889774,0.05241935483870968,Low
construcao_ferramentas_ferramentas,42138.14,3542.8,14052.66,97,5.0,0.08407585147327339,0.05154639175257732,Low
construcao_ferramentas_iluminacao,145424.96,2342.98,34267.3,244,4.0,0.01611126453120565,0.01639344262295082,Low
construcao_ferramentas_jardim,84788.82,12484.18,15104.36,191,21.0,0.14723851564392568,0.1099476439790576,Low
construcao_ferramentas_seguranca,131382.06,8249.460000000001,40385.58,166,14.0,0.06278985121712966,0.08433734939759036,Low
cool_stuff,1559396.0,334260.62,143408.14,3615,776.0,0.21435262114305795,0.21466113416320884,Medium
dvds_blu_ray,15870.56,1953.6200000000001,1696.62,58,11.0,0.123097105584176,0.1896551724137931,Low
eletrodomesticos,191064.54,20501.82,34577.46,703,74.0,0.10730311338775891,0.10526315789473684,Low
eletrodomesticos_2,249126.91999999998,19700.2,35523.1,229,33.0,0.07907696205612787,0.14410480349344978,Low
eletronicos,519714.2,56282.159999999996,54023.48,2540,250.0,0.10829444336906707,0.0984251968503937,Low
eletroportateis,451168.76,62402.56,53171.82,627,105.0,0.13831312256637626,0.1674641148325359,Low
esporte_lazer,2784255.12,443877.02,350728.24,7515,1232.0,0.15942397548684403,0.1639387890884897,Low
fashion_bolsas_e_acessorios,436316.56,74652.38,51317.54,1798,328.0,0.17109682932960418,0.18242491657397109,Low
fashion_calcados,64845.48,12130.68,6726.48,238,46.0,0.18707055603567124,0.19327731092436976,Low
fashion_esporte,7291.84,3321.26,78.18,27,8.0,0.45547625839294337,0.2962962962962963,Medium
fashion_roupa_feminina,10219.24,2523.02,1535.8200000000002,39,14.0,0.24688920115390187,0.358974358974359,Medium
fashion_roupa_infanto_juvenil,1571.34,701.0799999999999,212.86,8,3.0,0.44616696577443454,0.375,Medium
fashion_roupa_masculina,34581.96,10375.7,1322.12,110,38.0,0.30003215549378925,0.34545454545454546,Medium
fashion_underwear_e_moda_praia,25429.08,5704.66,1450.02,121,22.0,0.22433607507625125,0.18181818181818182,Low
ferramentas_jardim,1676561.5,380639.16,209705.28,3489,688.0,0.22703560829710093,0.19719117225566066,Low
flores,4426.02,467.28,0.0,29,4.0,0.10557566391475862,0.13793103448275862,Low
fraldas_higiene,8442.5,0.0,3820.0,26,0.0,0.0,0.0,Low
industria_comercio_e_negocios,113491.52,11885.12,15305.2,233,16.0,0.10472253786009739,0.06866952789699571,Low
informatica_acessorios,3170660.9,446222.12,384168.08,6557,918.0,0.1407347345154444,0.14000305017538509,Low
instrumentos_musicais,466148.24,58668.78,91483.42,624,80.0,0.12585863243847065,0.1282051282051282,Low
la_cuisine,5827.06,920.7400000000001,464.38,13,2.0,0.15801107247908894,0.15384615384615385,Low
livros_importados,13403.78,1244.04,2803.88,52,5.0,0.09281262449846236,0.09615384615384616,Low
livros_interesse_geral,129389.52,20192.72,17809.62,506,77.0,0.15606148009514217,0.15217391304347827,Low
livros_tecnicos,49830.88,5716.16,2467.2400000000002,259,17.0,0.11471119916003891,0.06563706563706563,Low
malas_acessorios,374302.58,75364.8,39110.04,1028,215.0,0.20134726295501357,0.20914396887159534,Medium
market_place,90671.84,30635.260000000002,2761.34,279,71.0,0.337869618615879,0.25448028673835127,Medium
moveis_colchao_e_estofado,11997.08,510.64,595.88,38,2.0,0.04256369049802118,0.05263157894736842,Low
moveis_cozinha_area_de_servico_jantar_e_jardim,149321.96,11317.54,14228.74,247,33.0,0.07579287065345246,0.13360323886639677,Low
moveis_decoracao,2860352.78,490610.1,430889.24,6317,1132.0,0.1715208359718482,0.17919898686085167,Low
moveis_escritorio,1293652.98,274519.4,218650.9,1264,242.0,0.21220482172893076,0.19145569620253164,Low
moveis_quarto,63197.88,19260.36,11367.82,91,15.0,0.30476275469999947,0.16483516483516483,Low
moveis_sala,272277.54,67357.86,31273.1,415,74.0,0.2473867657244149,0.1783132530120482,Low
musica,13802.86,1501.0,6737.94,38,3.0,0.10874557881482533,0.07894736842105263,Low
papelaria,634880.14,83769.7,65683.16,2296,277.0,0.13194569293032224,0.12064459930313588,Low
pc_gamer,4348.86,312.36,2805.62,8,1.0,0.07182571984382115,0.125,Low
pcs,558243.1,116607.38,95587.66,179,40.0,0.20888279676004953,0.22346368715083798,Medium
perfumaria,1013477.32,205608.88,122593.2,3124,574.0,0.20287467311059315,0.18373879641485275,Low
pet_shop,622537.94,101137.34,102048.86,1689,251.0,0.162459720928816,0.14860864416814684,Low
portateis_casa_forno_e_cafe,102458.64,177.3,29678.22,75,1.0,0.001730454356997126,0.013333333333333334,Low
portateis_cozinha_e_preparadores_de_alimentos,8671.3,0.0,4415.04,14,0.0,0.0,0.0,Low
relogios_presentes,2858433.36,424648.12,540576.06,5547,733.0,0.1485597411303652,0.13214350099152694,Low
seguros_e_servicos,649.02,230.9,0.0,2,1.0,0.35576715663615915,0.5,High
sinalizacao_e_seguranca,136976.1,4521.76,88049.08,139,10.0,0.03301130635198403,0.07194244604316546,Low
tablets_impressao_imagem,20085.86,5811.68,1021.76,79,22.0,0.2893418554147047,0.27848101265822783,Medium
telefonia,973764.1,148966.42,157377.32,4152,746.0,0.15297998765820184,0.17967244701348747,Low
telefonia_fixa,414020.52,238286.18,11410.539999999999,217,52.0,0.575541956229609,0.23963133640552994,Medium
utilidades_domesticas,2189516.26,248944.18,412135.6,5821,833.0,0.11369825588780967,0.14310255969764646,Low
