date,year,month,quarter,week,day,month_name,day_name
2016-09-04,2016,9,3,37,4,September,Sunday
2016-09-05,2016,9,3,37,5,September,Monday
2016-09-13,2016,9,3,38,13,September,Tuesday
2016-09-15,2016,9,3,38,15,September,Thursday
2016-10-02,2016,10,4,41,2,October,Sunday
2016-10-03,2016,10,4,41,3,October,Monday
2016-10-04,2016,10,4,41,4,October,Tuesday
2016-10-05,2016,10,4,41,5,October,Wednesday
2016-10-06,2016,10,4,41,6,October,Thursday
2016-10-07,2016,10,4,41,7,October,Friday
2016-10-08,2016,10,4,41,8,October,Saturday
2016-10-09,2016,10,4,42,9,October,Sunday
2016-10-10,2016,10,4,42,10,October,Monday
2016-10-22,2016,10,4,43,22,October,Saturday
2016-12-23,2016,12,4,52,23,December,Friday
2017-01-05,2017,1,1,1,5,January,Thursday
2017-01-06,2017,1,1,1,6,January,Friday
2017-01-07,2017,1,1,1,7,January,Saturday
2017-01-08,2017,1,1,2,8,January,Sunday
2017-01-09,2017,1,1,2,9,January,Monday
2017-01-10,2017,1,1,2,10,January,Tuesday
2017-01-11,2017,1,1,2,11,January,Wednesday
2017-01-12,2017,1,1,2,12,January,Thursday
2017-01-13,2017,1,1,2,13,January,Friday
2017-01-14,2017,1,1,2,14,January,Saturday
2017-01-15,2017,1,1,3,15,January,Sunday
2017-01-16,2017,1,1,3,16,January,Monday
2017-01-17,2017,1,1,3,17,January,Tuesday
2017-01-18,2017,1,1,3,18,January,Wednesday
2017-01-19,2017,1,1,3,19,January,Thursday
2017-01-20,2017,1,1,3,20,January,Friday
2017-01-21,2017,1,1,3,21,January,Saturday
2017-01-22,2017,1,1,4,22,January,Sunday
2017-01-23,2017,1,1,4,23,January,Monday
2017-01-24,2017,1,1,4,24,January,Tuesday
2017-01-25,2017,1,1,4,25,January,Wednesday
2017-01-26,2017,1,1,4,26,January,Thursday
2017-01-27,2017,1,1,4,27,January,Friday
2017-01-28,2017,1,1,4,28,January,Saturday
2017-01-29,2017,1,1,5,29,January,Sunday
2017-01-30,2017,1,1,5,30,January,Monday
2017-01-31,2017,1,1,5,31,January,Tuesday
2017-02-01,2017,2,1,5,1,February,Wednesday
2017-02-02,2017,2,1,5,2,February,Thursday
2017-02-03,2017,2,1,5,3,February,Friday
2017-02-04,2017,2,1,5,4,February,Saturday
2017-02-05,2017,2,1,6,5,February,Sunday
2017-02-06,2017,2,1,6,6,February,Monday
2017-02-07,2017,2,1,6,7,February,Tuesday
2017-02-08,2017,2,1,6,8,February,Wednesday
2017-02-09,2017,2,1,6,9,February,Thursday
2017-02-10,2017,2,1,6,10,February,Friday
2017-02-11,2017,2,1,6,11,February,Saturday
2017-02-12,2017,2,1,7,12,February,Sunday
2017-02-13,2017,2,1,7,13,February,Monday
2017-02-14,2017,2,1,7,14,February,Tuesday
2017-02-15,2017,2,1,7,15,February,Wednesday
2017-02-16,2017,2,1,7,16,February,Thursday
2017-02-17,2017,2,1,7,17,February,Friday
2017-02-18,2017,2,1,7,18,February,Saturday
2017-02-19,2017,2,1,8,19,February,Sunday
2017-02-20,2017,2,1,8,20,February,Monday
2017-02-21,2017,2,1,8,21,February,Tuesday
2017-02-22,2017,2,1,8,22,February,Wednesday
2017-02-23,2017,2,1,8,23,February,Thursday
2017-02-24,2017,2,1,8,24,February,Friday
2017-02-25,2017,2,1,8,25,February,Saturday
2017-02-26,2017,2,1,9,26,February,Sunday
2017-02-27,2017,2,1,9,27,February,Monday
2017-02-28,2017,2,1,9,28,February,Tuesday
2017-03-01,2017,3,1,9,1,March,Wednesday
2017-03-02,2017,3,1,9,2,March,Thursday
2017-03-03,2017,3,1,9,3,March,Friday
2017-03-04,2017,3,1,9,4,March,Saturday
2017-03-05,2017,3,1,10,5,March,Sunday
2017-03-06,2017,3,1,10,6,March,Monday
2017-03-07,2017,3,1,10,7,March,Tuesday
2017-03-08,2017,3,1,10,8,March,Wednesday
2017-03-09,2017,3,1,10,9,March,Thursday
2017-03-10,2017,3,1,10,10,March,Friday
2017-03-11,2017,3,1,10,11,March,Saturday
2017-03-12,2017,3,1,11,12,March,Sunday
2017-03-13,2017,3,1,11,13,March,Monday
2017-03-14,2017,3,1,11,14,March,Tuesday
2017-03-15,2017,3,1,11,15,March,Wednesday
2017-03-16,2017,3,1,11,16,March,Thursday
2017-03-17,2017,3,1,11,17,March,Friday
2017-03-18,2017,3,1,11,18,March,Saturday
2017-03-19,2017,3,1,12,19,March,Sunday
2017-03-20,2017,3,1,12,20,March,Monday
2017-03-21,2017,3,1,12,21,March,Tuesday
2017-03-22,2017,3,1,12,22,March,Wednesday
2017-03-23,2017,3,1,12,23,March,Thursday
2017-03-24,2017,3,1,12,24,March,Friday
2017-03-25,2017,3,1,12,25,March,Saturday
2017-03-26,2017,3,1,13,26,March,Sunday
2017-03-27,2017,3,1,13,27,March,Monday
2017-03-28,2017,3,1,13,28,March,Tuesday
2017-03-29,2017,3,1,13,29,March,Wednesday
2017-03-30,2017,3,1,13,30,March,Thursday
2017-03-31,2017,3,1,13,31,March,Friday
2017-04-01,2017,4,2,13,1,April,Saturday
2017-04-02,2017,4,2,14,2,April,Sunday
2017-04-03,2017,4,2,14,3,April,Monday
2017-04-04,2017,4,2,14,4,April,Tuesday
2017-04-05,2017,4,2,14,5,April,Wednesday
2017-04-06,2017,4,2,14,6,April,Thursday
2017-04-07,2017,4,2,14,7,April,Friday
2017-04-08,2017,4,2,14,8,April,Saturday
2017-04-09,2017,4,2,15,9,April,Sunday
2017-04-10,2017,4,2,15,10,April,Monday
2017-04-11,2017,4,2,15,11,April,Tuesday
2017-04-12,2017,4,2,15,12,April,Wednesday
2017-04-13,2017,4,2,15,13,April,Thursday
2017-04-14,2017,4,2,15,14,April,Friday
2017-04-15,2017,4,2,15,15,April,Saturday
2017-04-16,2017,4,2,16,16,April,Sunday
2017-04-17,2017,4,2,16,17,April,Monday
2017-04-18,2017,4,2,16,18,April,Tuesday
2017-04-19,2017,4,2,16,19,April,Wednesday
2017-04-20,2017,4,2,16,20,April,Thursday
2017-04-21,2017,4,2,16,21,April,Friday
2017-04-22,2017,4,2,16,22,April,Saturday
2017-04-23,2017,4,2,17,23,April,Sunday
2017-04-24,2017,4,2,17,24,April,Monday
2017-04-25,2017,4,2,17,25,April,Tuesday
2017-04-26,2017,4,2,17,26,April,Wednesday
2017-04-27,2017,4,2,17,27,April,Thursday
2017-04-28,2017,4,2,17,28,April,Friday
2017-04-29,2017,4,2,17,29,April,Saturday
2017-04-30,2017,4,2,18,30,April,Sunday
2017-05-01,2017,5,2,18,1,May,Monday
2017-05-02,2017,5,2,18,2,May,Tuesday
2017-05-03,2017,5,2,18,3,May,Wednesday
2017-05-04,2017,5,2,18,4,May,Thursday
2017-05-05,2017,5,2,18,5,May,Friday
2017-05-06,2017,5,2,18,6,May,Saturday
2017-05-07,2017,5,2,19,7,May,Sunday
2017-05-08,2017,5,2,19,8,May,Monday
2017-05-09,2017,5,2,19,9,May,Tuesday
2017-05-10,2017,5,2,19,10,May,Wednesday
2017-05-11,2017,5,2,19,11,May,Thursday
2017-05-12,2017,5,2,19,12,May,Friday
2017-05-13,2017,5,2,19,13,May,Saturday
2017-05-14,2017,5,2,20,14,May,Sunday
2017-05-15,2017,5,2,20,15,May,Monday
2017-05-16,2017,5,2,20,16,May,Tuesday
2017-05-17,2017,5,2,20,17,May,Wednesday
2017-05-18,2017,5,2,20,18,May,Thursday
2017-05-19,2017,5,2,20,19,May,Friday
2017-05-20,2017,5,2,20,20,May,Saturday
2017-05-21,2017,5,2,21,21,May,Sunday
2017-05-22,2017,5,2,21,22,May,Monday
2017-05-23,2017,5,2,21,23,May,Tuesday
2017-05-24,2017,5,2,21,24,May,Wednesday
2017-05-25,2017,5,2,21,25,May,Thursday
2017-05-26,2017,5,2,21,26,May,Friday
2017-05-27,2017,5,2,21,27,May,Saturday
2017-05-28,2017,5,2,22,28,May,Sunday
2017-05-29,2017,5,2,22,29,May,Monday
2017-05-30,2017,5,2,22,30,May,Tuesday
2017-05-31,2017,5,2,22,31,May,Wednesday
2017-06-01,2017,6,2,22,1,June,Thursday
2017-06-02,2017,6,2,22,2,June,Friday
2017-06-03,2017,6,2,22,3,June,Saturday
2017-06-04,2017,6,2,23,4,June,Sunday
2017-06-05,2017,6,2,23,5,June,Monday
2017-06-06,2017,6,2,23,6,June,Tuesday
2017-06-07,2017,6,2,23,7,June,Wednesday
2017-06-08,2017,6,2,23,8,June,Thursday
2017-06-09,2017,6,2,23,9,June,Friday
2017-06-10,2017,6,2,23,10,June,Saturday
2017-06-11,2017,6,2,24,11,June,Sunday
2017-06-12,2017,6,2,24,12,June,Monday
2017-06-13,2017,6,2,24,13,June,Tuesday
2017-06-14,2017,6,2,24,14,June,Wednesday
2017-06-15,2017,6,2,24,15,June,Thursday
2017-06-16,2017,6,2,24,16,June,Friday
2017-06-17,2017,6,2,24,17,June,Saturday
2017-06-18,2017,6,2,25,18,June,Sunday
2017-06-19,2017,6,2,25,19,June,Monday
2017-06-20,2017,6,2,25,20,June,Tuesday
2017-06-21,2017,6,2,25,21,June,Wednesday
2017-06-22,2017,6,2,25,22,June,Thursday
2017-06-23,2017,6,2,25,23,June,Friday
2017-06-24,2017,6,2,25,24,June,Saturday
2017-06-25,2017,6,2,26,25,June,Sunday
2017-06-26,2017,6,2,26,26,June,Monday
2017-06-27,2017,6,2,26,27,June,Tuesday
2017-06-28,2017,6,2,26,28,June,Wednesday
2017-06-29,2017,6,2,26,29,June,Thursday
2017-06-30,2017,6,2,26,30,June,Friday
2017-07-01,2017,7,3,26,1,July,Saturday
2017-07-02,2017,7,3,27,2,July,Sunday
2017-07-03,2017,7,3,27,3,July,Monday
2017-07-04,2017,7,3,27,4,July,Tuesday
2017-07-05,2017,7,3,27,5,July,Wednesday
2017-07-06,2017,7,3,27,6,July,Thursday
2017-07-07,2017,7,3,27,7,July,Friday
2017-07-08,2017,7,3,27,8,July,Saturday
2017-07-09,2017,7,3,28,9,July,Sunday
2017-07-10,2017,7,3,28,10,July,Monday
2017-07-11,2017,7,3,28,11,July,Tuesday
2017-07-12,2017,7,3,28,12,July,Wednesday
2017-07-13,2017,7,3,28,13,July,Thursday
2017-07-14,2017,7,3,28,14,July,Friday
2017-07-15,2017,7,3,28,15,July,Saturday
2017-07-16,2017,7,3,29,16,July,Sunday
2017-07-17,2017,7,3,29,17,July,Monday
2017-07-18,2017,7,3,29,18,July,Tuesday
2017-07-19,2017,7,3,29,19,July,Wednesday
2017-07-20,2017,7,3,29,20,July,Thursday
2017-07-21,2017,7,3,29,21,July,Friday
2017-07-22,2017,7,3,29,22,July,Saturday
2017-07-23,2017,7,3,30,23,July,Sunday
2017-07-24,2017,7,3,30,24,July,Monday
2017-07-25,2017,7,3,30,25,July,Tuesday
2017-07-26,2017,7,3,30,26,July,Wednesday
2017-07-27,2017,7,3,30,27,July,Thursday
2017-07-28,2017,7,3,30,28,July,Friday
2017-07-29,2017,7,3,30,29,July,Saturday
2017-07-30,2017,7,3,31,30,July,Sunday
2017-07-31,2017,7,3,31,31,July,Monday
2017-08-01,2017,8,3,31,1,August,Tuesday
2017-08-02,2017,8,3,31,2,August,Wednesday
2017-08-03,2017,8,3,31,3,August,Thursday
2017-08-04,2017,8,3,31,4,August,Friday
2017-08-05,2017,8,3,31,5,August,Saturday
2017-08-06,2017,8,3,32,6,August,Sunday
2017-08-07,2017,8,3,32,7,August,Monday
2017-08-08,2017,8,3,32,8,August,Tuesday
2017-08-09,2017,8,3,32,9,August,Wednesday
2017-08-10,2017,8,3,32,10,August,Thursday
2017-08-11,2017,8,3,32,11,August,Friday
2017-08-12,2017,8,3,32,12,August,Saturday
2017-08-13,2017,8,3,33,13,August,Sunday
2017-08-14,2017,8,3,33,14,August,Monday
2017-08-15,2017,8,3,33,15,August,Tuesday
2017-08-16,2017,8,3,33,16,August,Wednesday
2017-08-17,2017,8,3,33,17,August,Thursday
2017-08-18,2017,8,3,33,18,August,Friday
2017-08-19,2017,8,3,33,19,August,Saturday
2017-08-20,2017,8,3,34,20,August,Sunday
2017-08-21,2017,8,3,34,21,August,Monday
2017-08-22,2017,8,3,34,22,August,Tuesday
2017-08-23,2017,8,3,34,23,August,Wednesday
2017-08-24,2017,8,3,34,24,August,Thursday
2017-08-25,2017,8,3,34,25,August,Friday
2017-08-26,2017,8,3,34,26,August,Saturday
2017-08-27,2017,8,3,35,27,August,Sunday
2017-08-28,2017,8,3,35,28,August,Monday
2017-08-29,2017,8,3,35,29,August,Tuesday
2017-08-30,2017,8,3,35,30,August,Wednesday
2017-08-31,2017,8,3,35,31,August,Thursday
2017-09-01,2017,9,3,35,1,September,Friday
2017-09-02,2017,9,3,35,2,September,Saturday
2017-09-03,2017,9,3,36,3,September,Sunday
2017-09-04,2017,9,3,36,4,September,Monday
2017-09-05,2017,9,3,36,5,September,Tuesday
2017-09-06,2017,9,3,36,6,September,Wednesday
2017-09-07,2017,9,3,36,7,September,Thursday
2017-09-08,2017,9,3,36,8,September,Friday
2017-09-09,2017,9,3,36,9,September,Saturday
2017-09-10,2017,9,3,37,10,September,Sunday
2017-09-11,2017,9,3,37,11,September,Monday
2017-09-12,2017,9,3,37,12,September,Tuesday
2017-09-13,2017,9,3,37,13,September,Wednesday
2017-09-14,2017,9,3,37,14,September,Thursday
2017-09-15,2017,9,3,37,15,September,Friday
2017-09-16,2017,9,3,37,16,September,Saturday
2017-09-17,2017,9,3,38,17,September,Sunday
2017-09-18,2017,9,3,38,18,September,Monday
2017-09-19,2017,9,3,38,19,September,Tuesday
2017-09-20,2017,9,3,38,20,September,Wednesday
2017-09-21,2017,9,3,38,21,September,Thursday
2017-09-22,2017,9,3,38,22,September,Friday
2017-09-23,2017,9,3,38,23,September,Saturday
2017-09-24,2017,9,3,39,24,September,Sunday
2017-09-25,2017,9,3,39,25,September,Monday
2017-09-26,2017,9,3,39,26,September,Tuesday
2017-09-27,2017,9,3,39,27,September,Wednesday
2017-09-28,2017,9,3,39,28,September,Thursday
2017-09-29,2017,9,3,39,29,September,Friday
2017-09-30,2017,9,3,39,30,September,Saturday
2017-10-01,2017,10,4,40,1,October,Sunday
2017-10-02,2017,10,4,40,2,October,Monday
2017-10-03,2017,10,4,40,3,October,Tuesday
2017-10-04,2017,10,4,40,4,October,Wednesday
2017-10-05,2017,10,4,40,5,October,Thursday
2017-10-06,2017,10,4,40,6,October,Friday
2017-10-07,2017,10,4,40,7,October,Saturday
2017-10-08,2017,10,4,41,8,October,Sunday
2017-10-09,2017,10,4,41,9,October,Monday
2017-10-10,2017,10,4,41,10,October,Tuesday
2017-10-11,2017,10,4,41,11,October,Wednesday
2017-10-12,2017,10,4,41,12,October,Thursday
2017-10-13,2017,10,4,41,13,October,Friday
2017-10-14,2017,10,4,41,14,October,Saturday
2017-10-15,2017,10,4,42,15,October,Sunday
2017-10-16,2017,10,4,42,16,October,Monday
2017-10-17,2017,10,4,42,17,October,Tuesday
2017-10-18,2017,10,4,42,18,October,Wednesday
2017-10-19,2017,10,4,42,19,October,Thursday
2017-10-20,2017,10,4,42,20,October,Friday
2017-10-21,2017,10,4,42,21,October,Saturday
2017-10-22,2017,10,4,43,22,October,Sunday
2017-10-23,2017,10,4,43,23,October,Monday
2017-10-24,2017,10,4,43,24,October,Tuesday
2017-10-25,2017,10,4,43,25,October,Wednesday
2017-10-26,2017,10,4,43,26,October,Thursday
2017-10-27,2017,10,4,43,27,October,Friday
2017-10-28,2017,10,4,43,28,October,Saturday
2017-10-29,2017,10,4,44,29,October,Sunday
2017-10-30,2017,10,4,44,30,October,Monday
2017-10-31,2017,10,4,44,31,October,Tuesday
2017-11-01,2017,11,4,44,1,November,Wednesday
2017-11-02,2017,11,4,44,2,November,Thursday
2017-11-03,2017,11,4,44,3,November,Friday
2017-11-04,2017,11,4,44,4,November,Saturday
2017-11-05,2017,11,4,45,5,November,Sunday
2017-11-06,2017,11,4,45,6,November,Monday
2017-11-07,2017,11,4,45,7,November,Tuesday
2017-11-08,2017,11,4,45,8,November,Wednesday
2017-11-09,2017,11,4,45,9,November,Thursday
2017-11-10,2017,11,4,45,10,November,Friday
2017-11-11,2017,11,4,45,11,November,Saturday
2017-11-12,2017,11,4,46,12,November,Sunday
2017-11-13,2017,11,4,46,13,November,Monday
2017-11-14,2017,11,4,46,14,November,Tuesday
2017-11-15,2017,11,4,46,15,November,Wednesday
2017-11-16,2017,11,4,46,16,November,Thursday
2017-11-17,2017,11,4,46,17,November,Friday
2017-11-18,2017,11,4,46,18,November,Saturday
2017-11-19,2017,11,4,47,19,November,Sunday
2017-11-20,2017,11,4,47,20,November,Monday
2017-11-21,2017,11,4,47,21,November,Tuesday
2017-11-22,2017,11,4,47,22,November,Wednesday
2017-11-23,2017,11,4,47,23,November,Thursday
2017-11-24,2017,11,4,47,24,November,Friday
2017-11-25,2017,11,4,47,25,November,Saturday
2017-11-26,2017,11,4,48,26,November,Sunday
2017-11-27,2017,11,4,48,27,November,Monday
2017-11-28,2017,11,4,48,28,November,Tuesday
2017-11-29,2017,11,4,48,29,November,Wednesday
2017-11-30,2017,11,4,48,30,November,Thursday
2017-12-01,2017,12,4,48,1,December,Friday
2017-12-02,2017,12,4,48,2,December,Saturday
2017-12-03,2017,12,4,49,3,December,Sunday
2017-12-04,2017,12,4,49,4,December,Monday
2017-12-05,2017,12,4,49,5,December,Tuesday
2017-12-06,2017,12,4,49,6,December,Wednesday
2017-12-07,2017,12,4,49,7,December,Thursday
2017-12-08,2017,12,4,49,8,December,Friday
2017-12-09,2017,12,4,49,9,December,Saturday
2017-12-10,2017,12,4,50,10,December,Sunday
2017-12-11,2017,12,4,50,11,December,Monday
2017-12-12,2017,12,4,50,12,December,Tuesday
2017-12-13,2017,12,4,50,13,December,Wednesday
2017-12-14,2017,12,4,50,14,December,Thursday
2017-12-15,2017,12,4,50,15,December,Friday
2017-12-16,2017,12,4,50,16,December,Saturday
2017-12-17,2017,12,4,51,17,December,Sunday
2017-12-18,2017,12,4,51,18,December,Monday
2017-12-19,2017,12,4,51,19,December,Tuesday
2017-12-20,2017,12,4,51,20,December,Wednesday
2017-12-21,2017,12,4,51,21,December,Thursday
2017-12-22,2017,12,4,51,22,December,Friday
2017-12-23,2017,12,4,51,23,December,Saturday
2017-12-24,2017,12,4,52,24,December,Sunday
2017-12-25,2017,12,4,52,25,December,Monday
2017-12-26,2017,12,4,52,26,December,Tuesday
2017-12-27,2017,12,4,52,27,December,Wednesday
2017-12-28,2017,12,4,52,28,December,Thursday
2017-12-29,2017,12,4,52,29,December,Friday
2017-12-30,2017,12,4,52,30,December,Saturday
2017-12-31,2017,12,4,53,31,December,Sunday
2018-01-01,2018,1,1,1,1,January,Monday
2018-01-02,2018,1,1,1,2,January,Tuesday
2018-01-03,2018,1,1,1,3,January,Wednesday
2018-01-04,2018,1,1,1,4,January,Thursday
2018-01-05,2018,1,1,1,5,January,Friday
2018-01-06,2018,1,1,1,6,January,Saturday
2018-01-07,2018,1,1,2,7,January,Sunday
2018-01-08,2018,1,1,2,8,January,Monday
2018-01-09,2018,1,1,2,9,January,Tuesday
2018-01-10,2018,1,1,2,10,January,Wednesday
2018-01-11,2018,1,1,2,11,January,Thursday
2018-01-12,2018,1,1,2,12,January,Friday
2018-01-13,2018,1,1,2,13,January,Saturday
2018-01-14,2018,1,1,3,14,January,Sunday
2018-01-15,2018,1,1,3,15,January,Monday
2018-01-16,2018,1,1,3,16,January,Tuesday
2018-01-17,2018,1,1,3,17,January,Wednesday
2018-01-18,2018,1,1,3,18,January,Thursday
2018-01-19,2018,1,1,3,19,January,Friday
2018-01-20,2018,1,1,3,20,January,Saturday
2018-01-21,2018,1,1,4,21,January,Sunday
2018-01-22,2018,1,1,4,22,January,Monday
2018-01-23,2018,1,1,4,23,January,Tuesday
2018-01-24,2018,1,1,4,24,January,Wednesday
2018-01-25,2018,1,1,4,25,January,Thursday
2018-01-26,2018,1,1,4,26,January,Friday
2018-01-27,2018,1,1,4,27,January,Saturday
2018-01-28,2018,1,1,5,28,January,Sunday
2018-01-29,2018,1,1,5,29,January,Monday
2018-01-30,2018,1,1,5,30,January,Tuesday
2018-01-31,2018,1,1,5,31,January,Wednesday
2018-02-01,2018,2,1,5,1,February,Thursday
2018-02-02,2018,2,1,5,2,February,Friday
2018-02-03,2018,2,1,5,3,February,Saturday
2018-02-04,2018,2,1,6,4,February,Sunday
2018-02-05,2018,2,1,6,5,February,Monday
2018-02-06,2018,2,1,6,6,February,Tuesday
2018-02-07,2018,2,1,6,7,February,Wednesday
2018-02-08,2018,2,1,6,8,February,Thursday
2018-02-09,2018,2,1,6,9,February,Friday
2018-02-10,2018,2,1,6,10,February,Saturday
2018-02-11,2018,2,1,7,11,February,Sunday
2018-02-12,2018,2,1,7,12,February,Monday
2018-02-13,2018,2,1,7,13,February,Tuesday
2018-02-14,2018,2,1,7,14,February,Wednesday
2018-02-15,2018,2,1,7,15,February,Thursday
2018-02-16,2018,2,1,7,16,February,Friday
2018-02-17,2018,2,1,7,17,February,Saturday
2018-02-18,2018,2,1,8,18,February,Sunday
2018-02-19,2018,2,1,8,19,February,Monday
2018-02-20,2018,2,1,8,20,February,Tuesday
2018-02-21,2018,2,1,8,21,February,Wednesday
2018-02-22,2018,2,1,8,22,February,Thursday
2018-02-23,2018,2,1,8,23,February,Friday
2018-02-24,2018,2,1,8,24,February,Saturday
2018-02-25,2018,2,1,9,25,February,Sunday
2018-02-26,2018,2,1,9,26,February,Monday
2018-02-27,2018,2,1,9,27,February,Tuesday
2018-02-28,2018,2,1,9,28,February,Wednesday
2018-03-01,2018,3,1,9,1,March,Thursday
2018-03-02,2018,3,1,9,2,March,Friday
2018-03-03,2018,3,1,9,3,March,Saturday
2018-03-04,2018,3,1,10,4,March,Sunday
2018-03-05,2018,3,1,10,5,March,Monday
2018-03-06,2018,3,1,10,6,March,Tuesday
2018-03-07,2018,3,1,10,7,March,Wednesday
2018-03-08,2018,3,1,10,8,March,Thursday
2018-03-09,2018,3,1,10,9,March,Friday
2018-03-10,2018,3,1,10,10,March,Saturday
2018-03-11,2018,3,1,11,11,March,Sunday
2018-03-12,2018,3,1,11,12,March,Monday
2018-03-13,2018,3,1,11,13,March,Tuesday
2018-03-14,2018,3,1,11,14,March,Wednesday
2018-03-15,2018,3,1,11,15,March,Thursday
2018-03-16,2018,3,1,11,16,March,Friday
2018-03-17,2018,3,1,11,17,March,Saturday
2018-03-18,2018,3,1,12,18,March,Sunday
2018-03-19,2018,3,1,12,19,March,Monday
2018-03-20,2018,3,1,12,20,March,Tuesday
2018-03-21,2018,3,1,12,21,March,Wednesday
2018-03-22,2018,3,1,12,22,March,Thursday
2018-03-23,2018,3,1,12,23,March,Friday
2018-03-24,2018,3,1,12,24,March,Saturday
2018-03-25,2018,3,1,13,25,March,Sunday
2018-03-26,2018,3,1,13,26,March,Monday
2018-03-27,2018,3,1,13,27,March,Tuesday
2018-03-28,2018,3,1,13,28,March,Wednesday
2018-03-29,2018,3,1,13,29,March,Thursday
2018-03-30,2018,3,1,13,30,March,Friday
2018-03-31,2018,3,1,13,31,March,Saturday
2018-04-01,2018,4,2,14,1,April,Sunday
2018-04-02,2018,4,2,14,2,April,Monday
2018-04-03,2018,4,2,14,3,April,Tuesday
2018-04-04,2018,4,2,14,4,April,Wednesday
2018-04-05,2018,4,2,14,5,April,Thursday
2018-04-06,2018,4,2,14,6,April,Friday
2018-04-07,2018,4,2,14,7,April,Saturday
2018-04-08,2018,4,2,15,8,April,Sunday
2018-04-09,2018,4,2,15,9,April,Monday
2018-04-10,2018,4,2,15,10,April,Tuesday
2018-04-11,2018,4,2,15,11,April,Wednesday
2018-04-12,2018,4,2,15,12,April,Thursday
2018-04-13,2018,4,2,15,13,April,Friday
2018-04-14,2018,4,2,15,14,April,Saturday
2018-04-15,2018,4,2,16,15,April,Sunday
2018-04-16,2018,4,2,16,16,April,Monday
2018-04-17,2018,4,2,16,17,April,Tuesday
2018-04-18,2018,4,2,16,18,April,Wednesday
2018-04-19,2018,4,2,16,19,April,Thursday
2018-04-20,2018,4,2,16,20,April,Friday
2018-04-21,2018,4,2,16,21,April,Saturday
2018-04-22,2018,4,2,17,22,April,Sunday
2018-04-23,2018,4,2,17,23,April,Monday
2018-04-24,2018,4,2,17,24,April,Tuesday
2018-04-25,2018,4,2,17,25,April,Wednesday
2018-04-26,2018,4,2,17,26,April,Thursday
2018-04-27,2018,4,2,17,27,April,Friday
2018-04-28,2018,4,2,17,28,April,Saturday
2018-04-29,2018,4,2,18,29,April,Sunday
2018-04-30,2018,4,2,18,30,April,Monday
2018-05-01,2018,5,2,18,1,May,Tuesday
2018-05-02,2018,5,2,18,2,May,Wednesday
2018-05-03,2018,5,2,18,3,May,Thursday
2018-05-04,2018,5,2,18,4,May,Friday
2018-05-05,2018,5,2,18,5,May,Saturday
2018-05-06,2018,5,2,19,6,May,Sunday
2018-05-07,2018,5,2,19,7,May,Monday
2018-05-08,2018,5,2,19,8,May,Tuesday
2018-05-09,2018,5,2,19,9,May,Wednesday
2018-05-10,2018,5,2,19,10,May,Thursday
2018-05-11,2018,5,2,19,11,May,Friday
2018-05-12,2018,5,2,19,12,May,Saturday
2018-05-13,2018,5,2,20,13,May,Sunday
2018-05-14,2018,5,2,20,14,May,Monday
2018-05-15,2018,5,2,20,15,May,Tuesday
2018-05-16,2018,5,2,20,16,May,Wednesday
2018-05-17,2018,5,2,20,17,May,Thursday
2018-05-18,2018,5,2,20,18,May,Friday
2018-05-19,2018,5,2,20,19,May,Saturday
2018-05-20,2018,5,2,21,20,May,Sunday
2018-05-21,2018,5,2,21,21,May,Monday
2018-05-22,2018,5,2,21,22,May,Tuesday
2018-05-23,2018,5,2,21,23,May,Wednesday
2018-05-24,2018,5,2,21,24,May,Thursday
2018-05-25,2018,5,2,21,25,May,Friday
2018-05-26,2018,5,2,21,26,May,Saturday
2018-05-27,2018,5,2,22,27,May,Sunday
2018-05-28,2018,5,2,22,28,May,Monday
2018-05-29,2018,5,2,22,29,May,Tuesday
2018-05-30,2018,5,2,22,30,May,Wednesday
2018-05-31,2018,5,2,22,31,May,Thursday
2018-06-01,2018,6,2,22,1,June,Friday
2018-06-02,2018,6,2,22,2,June,Saturday
2018-06-03,2018,6,2,23,3,June,Sunday
2018-06-04,2018,6,2,23,4,June,Monday
2018-06-05,2018,6,2,23,5,June,Tuesday
2018-06-06,2018,6,2,23,6,June,Wednesday
2018-06-07,2018,6,2,23,7,June,Thursday
2018-06-08,2018,6,2,23,8,June,Friday
2018-06-09,2018,6,2,23,9,June,Saturday
2018-06-10,2018,6,2,24,10,June,Sunday
2018-06-11,2018,6,2,24,11,June,Monday
2018-06-12,2018,6,2,24,12,June,Tuesday
2018-06-13,2018,6,2,24,13,June,Wednesday
2018-06-14,2018,6,2,24,14,June,Thursday
2018-06-15,2018,6,2,24,15,June,Friday
2018-06-16,2018,6,2,24,16,June,Saturday
2018-06-17,2018,6,2,25,17,June,Sunday
2018-06-18,2018,6,2,25,18,June,Monday
2018-06-19,2018,6,2,25,19,June,Tuesday
2018-06-20,2018,6,2,25,20,June,Wednesday
2018-06-21,2018,6,2,25,21,June,Thursday
2018-06-22,2018,6,2,25,22,June,Friday
2018-06-23,2018,6,2,25,23,June,Saturday
2018-06-24,2018,6,2,26,24,June,Sunday
2018-06-25,2018,6,2,26,25,June,Monday
2018-06-26,2018,6,2,26,26,June,Tuesday
2018-06-27,2018,6,2,26,27,June,Wednesday
2018-06-28,2018,6,2,26,28,June,Thursday
2018-06-29,2018,6,2,26,29,June,Friday
2018-06-30,2018,6,2,26,30,June,Saturday
2018-07-01,2018,7,3,27,1,July,Sunday
2018-07-02,2018,7,3,27,2,July,Monday
2018-07-03,2018,7,3,27,3,July,Tuesday
2018-07-04,2018,7,3,27,4,July,Wednesday
2018-07-05,2018,7,3,27,5,July,Thursday
2018-07-06,2018,7,3,27,6,July,Friday
2018-07-07,2018,7,3,27,7,July,Saturday
2018-07-08,2018,7,3,28,8,July,Sunday
2018-07-09,2018,7,3,28,9,July,Monday
2018-07-10,2018,7,3,28,10,July,Tuesday
2018-07-11,2018,7,3,28,11,July,Wednesday
2018-07-12,2018,7,3,28,12,July,Thursday
2018-07-13,2018,7,3,28,13,July,Friday
2018-07-14,2018,7,3,28,14,July,Saturday
2018-07-15,2018,7,3,29,15,July,Sunday
2018-07-16,2018,7,3,29,16,July,Monday
2018-07-17,2018,7,3,29,17,July,Tuesday
2018-07-18,2018,7,3,29,18,July,Wednesday
2018-07-19,2018,7,3,29,19,July,Thursday
2018-07-20,2018,7,3,29,20,July,Friday
2018-07-21,2018,7,3,29,21,July,Saturday
2018-07-22,2018,7,3,30,22,July,Sunday
2018-07-23,2018,7,3,30,23,July,Monday
2018-07-24,2018,7,3,30,24,July,Tuesday
2018-07-25,2018,7,3,30,25,July,Wednesday
2018-07-26,2018,7,3,30,26,July,Thursday
2018-07-27,2018,7,3,30,27,July,Friday
2018-07-28,2018,7,3,30,28,July,Saturday
2018-07-29,2018,7,3,31,29,July,Sunday
2018-07-30,2018,7,3,31,30,July,Monday
2018-07-31,2018,7,3,31,31,July,Tuesday
2018-08-01,2018,8,3,31,1,August,Wednesday
2018-08-02,2018,8,3,31,2,August,Thursday
2018-08-03,2018,8,3,31,3,August,Friday
2018-08-04,2018,8,3,31,4,August,Saturday
2018-08-05,2018,8,3,32,5,August,Sunday
2018-08-06,2018,8,3,32,6,August,Monday
2018-08-07,2018,8,3,32,7,August,Tuesday
2018-08-08,2018,8,3,32,8,August,Wednesday
2018-08-09,2018,8,3,32,9,August,Thursday
2018-08-10,2018,8,3,32,10,August,Friday
2018-08-11,2018,8,3,32,11,August,Saturday
2018-08-12,2018,8,3,33,12,August,Sunday
2018-08-13,2018,8,3,33,13,August,Monday
2018-08-14,2018,8,3,33,14,August,Tuesday
2018-08-15,2018,8,3,33,15,August,Wednesday
2018-08-16,2018,8,3,33,16,August,Thursday
2018-08-17,2018,8,3,33,17,August,Friday
2018-08-18,2018,8,3,33,18,August,Saturday
2018-08-19,2018,8,3,34,19,August,Sunday
2018-08-20,2018,8,3,34,20,August,Monday
2018-08-21,2018,8,3,34,21,August,Tuesday
2018-08-22,2018,8,3,34,22,August,Wednesday
2018-08-23,2018,8,3,34,23,August,Thursday
2018-08-24,2018,8,3,34,24,August,Friday
2018-08-25,2018,8,3,34,25,August,Saturday
2018-08-26,2018,8,3,35,26,August,Sunday
2018-08-27,2018,8,3,35,27,August,Monday
2018-08-28,2018,8,3,35,28,August,Tuesday
2018-08-29,2018,8,3,35,29,August,Wednesday
2018-08-30,2018,8,3,35,30,August,Thursday
2018-08-31,2018,8,3,35,31,August,Friday
2018-09-03,2018,9,3,36,3,September,Monday
2018-09-06,2018,9,3,36,6,September,Thursday
2018-09-10,2018,9,3,37,10,September,Monday
2018-09-11,2018,9,3,37,11,September,Tuesday
2018-09-12,2018,9,3,37,12,September,Wednesday
2018-09-13,2018,9,3,37,13,September,Thursday
2018-09-17,2018,9,3,38,17,September,Monday
2018-09-20,2018,9,3,38,20,September,Thursday
2018-09-25,2018,9,3,39,25,September,Tuesday
2018-09-26,2018,9,3,39,26,September,Wednesday
2018-09-29,2018,9,3,39,29,September,Saturday
2018-10-01,2018,10,4,40,1,October,Monday
2018-10-03,2018,10,4,40,3,October,Wednesday
2018-10-16,2018,10,4,42,16,October,Tuesday
2018-10-17,2018,10,4,42,17,October,Wednesday
